[{"family":"MaterialIcons","fonts":[{"asset":"fonts/MaterialIcons-Regular.otf"}]},{"family":"packages/cupertino_icons/CupertinoIcons","fonts":[{"asset":"packages/cupertino_icons/assets/CupertinoIcons.ttf"}]},{"family":"packages/flutter_feather_icons/FeatherIcons","fonts":[{"asset":"packages/flutter_feather_icons/fonts/feather.ttf"}]},{"family":"packages/flutx/BoxIcons","fonts":[{"asset":"packages/flutx/assets/icons/BoxIcons.ttf"}]},{"family":"packages/flutx/Symbols","fonts":[{"weight":300,"asset":"packages/flutx/assets/icons/material-symbol.ttf"}]},{"family":"packages/material_design_icons_flutter/Material Design Icons","fonts":[{"asset":"packages/material_design_icons_flutter/lib/fonts/materialdesignicons-webfont.ttf"}]}]